{
    "power_plugged": [
        {
            "title": "电源适配器已经连接了！现在开始，就是性能模式了哦。",
            "wav": "data\\audio\\电源适配器已经连接了！现在开始，就是性能模式了哦。.wav"
        }
    ],
    "LOW_BATTERY": [
        {
            "title": "啊，当前的电量过低了，如果关机了，可就见不到我咯。",
            "wav": "data\\audio\\啊，当前的电量过低了，如果关机了，可就见不到我咯。.wav"
        }
    ],
    "HEALTHY_POWER": [
        {
            "title": "现在的电量保持的不错呢，可以放心玩耍啦！",
            "wav": "data\\audio\\现在的电量保持的不错呢，可以放心玩耍啦！.wav"
        }
    ],
    "FULL_POWER": [
        {
            "title": "电量已经满了呢，要拔掉电源适配器吗？",
            "wav": "data\\audio\\电量已经满了呢，要拔掉电源适配器吗？.wav"
        }
    ]
}