{
    "VoiceOnStart": {
        "morn": [
            {
                "title": "早安！要不要尝一尝我新做的橡木蛋糕卷呢？",
                "wav": "data\\audio\\早安！要不要尝一尝我新做的橡木蛋糕卷呢？.wav"
            }
        ],
        "noon": [
            {
                "title": "中午时间也是需要休息的哦！",
                "wav": "data\\audio\\中午时间也是需要休息的哦！.wav"
            }
        ],
        "night": [
            {
                "title": "早睡早起，不要熬夜伤身体呀！",
                "wav": "data\\audio\\早睡早起，不要熬夜伤身体呀！.wav"
            }
        ],
        "other": [
            {
                "title": "我叫流萤，是鸢尾花家系的译者。",
                "wav": "data\\audio\\我叫流萤，是鸢尾花家系的译者。.wav"
            }
        ]
    },
    "VoiceOnClose": {
        "morn": [
            {
                "title": "我想穿着萨姆去看看日出呢，你要和我一起吗？",
                "wav": "data\\audio\\我想穿着萨姆去看看日出呢，你要和我一起吗？.wav"
            }
        ],
        "noon": [
            {
                "title": "如果是夏天的话，现在应该是烈日当空吧？那样就可以一起去买冰淇淋了。",
                "wav": "data\\audio\\如果是夏天的话，现在应该是烈日当空吧？那样就可以一起去买冰淇淋了。.wav"
            }
        ],
        "night": [
            {
                "title": "晚安！我们与匹诺康尼再会。",
                "wav": "data\\audio\\晚安！我们与匹诺康尼再会。.wav"
            }
        ],
        "other": [
            {
            "title": "啊，你要回去了吗？时间过得真快呀。",
            "wav": "data\\audio\\啊，你要回去了吗？时间过得真快呀。.wav"
            }
        ]
    }
}